title,address,access,age,floor,fee,management_fee,deposit,gratuity,madori,menseki
スカイビュー東土川,京都府京都市南区久世東土川町,"
ＪＲ東海道本線/向日町駅 歩20分
阪急京都線/東向日駅 歩23分
ＪＲ東海道本線/桂川駅 バス10分 (バス停)東土川 歩1分
","
築30年
7階建
","
											1階",6.6万円,9300円,-,6.6万円,2DK,53.7m2
グラン・ベイベリー,京都府向日市物集女町北ノ口,"
阪急京都線/洛西口駅 歩11分
ＪＲ東海道本線/桂川駅 歩19分
阪急京都線/桂駅 歩29分
","
築15年
3階建
","
											2階",5.8万円,4000円,-,5.8万円,1K,28.92m2
グラン・ベイベリー,京都府向日市物集女町北ノ口,"
阪急京都線/洛西口駅 歩11分
ＪＲ東海道本線/桂川駅 歩19分
阪急京都線/桂駅 歩29分
","
築15年
3階建
","
											2階",5.8万円,4400円,-,5.8万円,1K,28.92m2
グラン・ベイベリー,京都府向日市物集女町北ノ口,"
阪急京都線/洛西口駅 歩11分
ＪＲ東海道本線/桂川駅 歩19分
阪急京都線/桂駅 歩29分
","
築15年
3階建
","
											3階",6.7万円,4400円,-,6.7万円,1DK,43.46m2
ベルベデール向日町,京都府京都市南区久世中久世町２,"
ＪＲ東海道本線/桂川駅 歩9分
阪急京都線/東向日駅 歩15分
ＪＲ東海道本線/向日町駅 歩10分
","
築31年
6階建
","
											1階",7.9万円,10000円,-,15万円,3DK,60.42m2
ベルベデール向日町,京都府京都市南区久世中久世町２,"
ＪＲ東海道本線/桂川駅 歩9分
阪急京都線/東向日駅 歩15分
ＪＲ東海道本線/向日町駅 歩10分
","
築31年
6階建
","
											1階",8万円,10000円,-,15万円,3LDK,66.01m2
ベルベデール向日町,京都府京都市南区久世中久世町２,"
ＪＲ東海道本線/桂川駅 歩9分
阪急京都線/東向日駅 歩15分
ＪＲ東海道本線/向日町駅 歩10分
","
築31年
6階建
","
											4階",8万円,10000円,-,15万円,3LDK,60.42m2
パルデンス長谷川,京都府向日市寺戸町乾垣内,"
阪急京都線/東向日駅 歩13分
ＪＲ東海道本線/向日町駅 歩20分
阪急京都線/西向日駅 歩28分
","
築29年
地下2地上2階建
","
											1階",8.4万円,-,-,-,2LDK,48m2
プチメゾン,京都府京都市南区久世東土川町,"
ＪＲ東海道本線/向日町駅 歩20分
阪急京都線/東向日駅 歩26分
ＪＲ東海道本線/桂川駅 歩35分
","
築35年
2階建
","
											1階",5.5万円,4000円,-,-,2DK,42m2
ＪＲ東海道本線 向日町駅 2階建 築35年,京都府京都市南区久世東土川町,"
ＪＲ東海道本線/向日町駅 歩22分
ＪＲ東海道本線/桂川駅 バス12分 (バス停)国道東土川 歩4分
阪急京都線/西向日駅 歩27分
","
築35年
2階建
","
											1階",5.5万円,4000円,-,-,2DK,42m2
サンビレッジ大原野,京都府京都市西京区大原野上里南ノ町,"
阪急京都線/桂駅 バス17分 (バス停)宇の山 歩2分
阪急京都線/東向日駅 歩42分
阪急京都線/洛西口駅 歩45分
","
築24年
2階建
","
											2階",7万円,-,-,-,2LDK,60.35m2
阪急京都線 西向日駅 3階建 築9年,京都府長岡京市井ノ内上印田,"
阪急京都線/西向日駅 歩17分
阪急京都線/長岡天神駅 歩26分
ＪＲ東海道本線/長岡京駅 歩33分
","
築9年
3階建
","
											1階",7.6万円,8500円,10万円,20万円,2LDK,54.67m2
ハイデンス岡田,京都府向日市物集女町クヅ子,"
阪急京都線/東向日駅 歩18分
阪急京都線/桂駅 歩28分
阪急京都線/洛西口駅 歩7分
","
築34年
3階建
","
											2階",3.2万円,3000円,-,3.2万円,1K,20.65m2
フロイデ東向日,京都府向日市寺戸町殿長,"
阪急京都線/東向日駅 歩5分
ＪＲ東海道本線/向日町駅 歩11分
阪急京都線/西向日駅 歩18分
","
築33年
4階建
","
											2階",3.4万円,5000円,-,-,1K,17.66m2
フロイデ東向日,京都府向日市寺戸町殿長,"
阪急京都線/東向日駅 歩5分
ＪＲ東海道本線/向日町駅 歩11分
阪急京都線/西向日駅 歩18分
","
築33年
4階建
","
											4階",3.4万円,6000円,-,-,ワンルーム,17.66m2
フロイデ東向日,京都府向日市寺戸町殿長,"
阪急京都線/東向日駅 歩5分
ＪＲ東海道本線/向日町駅 歩11分
阪急京都線/西向日駅 歩18分
","
築33年
4階建
","
											2階",3.4万円,6000円,-,-,ワンルーム,16.5m2
フロイデ東向日,京都府向日市寺戸町殿長,"
阪急京都線/東向日駅 歩5分
ＪＲ東海道本線/向日町駅 歩11分
阪急京都線/西向日駅 歩18分
","
築33年
4階建
","
											3階",3.4万円,6000円,-,-,ワンルーム,17.66m2
フロイデ東向日,京都府向日市寺戸町殿長,"
阪急京都線/東向日駅 歩5分
ＪＲ東海道本線/向日町駅 歩11分
阪急京都線/西向日駅 歩18分
","
築33年
4階建
","
											2階",3.6万円,6000円,-,-,ワンルーム,16.5m2
フロイデ東向日,京都府向日市寺戸町殿長,"
阪急京都線/東向日駅 歩5分
ＪＲ東海道本線/向日町駅 歩11分
阪急京都線/西向日駅 歩18分
","
築33年
4階建
","
											4階",3.6万円,6000円,-,-,ワンルーム,17m2
フロイデ東向日,京都府向日市寺戸町殿長,"
阪急京都線/東向日駅 歩5分
ＪＲ東海道本線/向日町駅 歩11分
阪急京都線/西向日駅 歩18分
","
築33年
4階建
","
											2階",3.7万円,6000円,-,-,1K,17.68m2
フロイデ東向日,京都府向日市寺戸町殿長,"
阪急京都線/東向日駅 歩5分
ＪＲ東海道本線/向日町駅 歩11分
阪急京都線/西向日駅 歩18分
","
築33年
4階建
","
											4階",3.7万円,6000円,-,-,1K,17.66m2
Ｕｌｕｒｕ東向日,京都府向日市寺戸町西田中瀬,"
阪急京都線/東向日駅 歩7分
ＪＲ東海道本線/向日町駅 歩9分
阪急京都線/洛西口駅 歩19分
","
築13年
5階建
","
											2階",6.7万円,6000円,5万円,15万円,1DK,32.4m2
ＭＡＳＴ　ＣＯＵＲＴ　東向日,京都府向日市寺戸町向畑,"
阪急京都線/東向日駅 歩3分
ＪＲ東海道本線/向日町駅 歩10分
阪急京都線/洛西口駅 歩20分
","
築6年
3階建
","
											3階",8.4万円,6000円,5万円,20万円,1LDK,42.09m2
ハイツ白井Ａ棟,京都府向日市森本町前田,"
阪急京都線/東向日駅 歩13分
ＪＲ東海道本線/向日町駅 歩11分
阪急京都線/西向日駅 歩15分
","
築26年
2階建
","
											2階",6.3万円,3000円,6.3万円,-,1LDK,41.7m2
ＪＲ東海道本線 向日町駅 7階建 築30年,京都府京都市南区久世東土川町,"
ＪＲ東海道本線/向日町駅 歩20分
阪急京都線/東向日駅 歩23分
ＪＲ東海道本線/桂川駅 バス10分 (バス停)東土川 歩1分
","
築30年
7階建
","
											1階",6.6万円,9300円,-,6.6万円,2DK,53.7m2
パルシティ久我,京都府京都市伏見区久我本町,"
地下鉄烏丸線/竹田駅 バス15分 (バス停)菱妻神社前 歩1分
ＪＲ東海道本線/向日町駅 歩33分
阪急京都線/東向日駅 歩35分
","
築27年
3階建
","
											2階",5.7万円,3000円,3万円,5.7万円,1LDK,43.84m2
パルシティ久我,京都府京都市伏見区久我本町,"
地下鉄烏丸線/竹田駅 バス15分 (バス停)菱妻神社前 歩1分
ＪＲ東海道本線/向日町駅 歩33分
阪急京都線/東向日駅 歩35分
","
築27年
3階建
","
											3階",6.2万円,3000円,3万円,6.2万円,2DK,51.03m2
サン・ドマーニ,京都府京都市南区久世大薮町,"
ＪＲ東海道本線/向日町駅 歩25分
阪急京都線/東向日駅 歩27分
ＪＲ東海道本線/桂川駅 歩38分
","
築11年
3階建
","
											3階",7.3万円,7000円,3万円,10万円,1LDK,40.9m2
サンフラワーＡ,京都府向日市寺戸町二枚田,"
阪急京都線/東向日駅 歩4分
ＪＲ東海道本線/向日町駅 歩9分
阪急京都線/西向日駅 歩16分
","
築10年
3階建
","
											2階",7.7万円,6000円,3万円,20万円,1LDK,39.76m2
サンフラワーＡ,京都府向日市寺戸町二枚田,"
阪急京都線/東向日駅 歩4分
ＪＲ東海道本線/向日町駅 歩9分
阪急京都線/西向日駅 歩16分
","
築10年
3階建
","
											2階",7.6万円,7000円,3万円,15万円,1LDK,39.76m2
シャルマンコート,京都府向日市寺戸町西野辺,"
阪急京都線/東向日駅 歩6分
ＪＲ東海道本線/向日町駅 歩12分
ＪＲ東海道本線/桂川駅 歩31分
","
築14年
2階建
","
											1階",6.7万円,2000円,-,20万円,1DK,33.53m2
シャルマンコート,京都府向日市寺戸町西野辺,"
阪急京都線/東向日駅 歩6分
ＪＲ東海道本線/向日町駅 歩12分
ＪＲ東海道本線/桂川駅 歩31分
","
築14年
2階建
","
											1階",6.7万円,3000円,-,20万円,1DK,33.53m2
シャーメゾンルンガルノ,京都府京都市南区久世築山町,"
ＪＲ東海道本線/向日町駅 歩18分
ＪＲ東海道本線/桂川駅 歩28分
阪急京都線/東向日駅 歩26分
","
築10年
2階建
","
											1階",8.4万円,6000円,3万円,20万円,2LDK,55.49m2
阪急京都線 東向日駅 2階建 築29年,京都府向日市寺戸町乾垣内,"
阪急京都線/東向日駅 歩15分
ＪＲ東海道本線/向日町駅 歩20分
ＪＲ東海道本線/桂川駅 歩27分
","
築29年
2階建
","
											1階",8.4万円,-,-,-,2LDK,49.09m2
アーバン寺戸,京都府向日市寺戸町西垣内,"
阪急京都線/東向日駅 歩7分
ＪＲ東海道本線/向日町駅 歩12分
ＪＲ東海道本線/桂川駅 歩27分
","
築32年
3階建
","
											3階",7.1万円,4000円,-,-,2DK,46.75m2
双葉マンション,京都府向日市物集女町南条,"
阪急京都線/東向日駅 歩13分
ＪＲ東海道本線/向日町駅 歩19分
ＪＲ東海道本線/桂川駅 歩27分
","
築49年
3階建
","
											1階",5万円,5000円,-,-,2DK,36.92m2
エレガンス岡崎,京都府向日市寺戸町中垣内,"
阪急京都線/東向日駅 歩8分
ＪＲ東海道本線/向日町駅 歩12分
阪急京都線/洛西口駅 歩20分
","
築27年
4階建
","
											2階",4.8万円,5000円,-,-,1K,19m2
エレガンス岡崎,京都府向日市寺戸町中垣内,"
阪急京都線/東向日駅 歩8分
ＪＲ東海道本線/向日町駅 歩12分
阪急京都線/洛西口駅 歩20分
","
築27年
4階建
","
											3階",5.2万円,5000円,-,5.2万円,1K,25m2
パレＨＳＰ,京都府向日市寺戸町久々相,"
ＪＲ東海道本線/向日町駅 歩1分
阪急京都線/東向日駅 歩6分
ＪＲ東海道本線/桂川駅 歩17分
","
築29年
7階建
","
											2階",6.2万円,3500円,-,-,ワンルーム,19.44m2
コモド長岡京,京都府長岡京市今里三ノ坪,"
阪急京都線/長岡天神駅 歩17分
阪急京都線/西向日駅 歩19分
ＪＲ東海道本線/長岡京駅 歩23分
","
築34年
3階建
","
											2階",6.3万円,6000円,-,6.3万円,2DK,44.55m2
コモド長岡京,京都府長岡京市今里三ノ坪,"
阪急京都線/長岡天神駅 歩17分
阪急京都線/西向日駅 歩19分
ＪＲ東海道本線/長岡京駅 歩23分
","
築34年
3階建
","
											3階",6.8万円,6000円,-,6.8万円,3DK,51.84m2
コモド長岡京,京都府長岡京市今里三ノ坪,"
阪急京都線/長岡天神駅 歩17分
阪急京都線/西向日駅 歩19分
ＪＲ東海道本線/長岡京駅 歩23分
","
築34年
3階建
","
											3階",6.8万円,7000円,-,6.8万円,3DK,51m2
コモド長岡京,京都府長岡京市今里三ノ坪,"
阪急京都線/長岡天神駅 歩17分
阪急京都線/西向日駅 歩19分
ＪＲ東海道本線/長岡京駅 歩23分
","
築34年
3階建
","
											1階",8万円,6000円,-,8万円,2LDK,51.84m2
コモド長岡京,京都府長岡京市今里三ノ坪,"
阪急京都線/長岡天神駅 歩17分
阪急京都線/西向日駅 歩19分
ＪＲ東海道本線/長岡京駅 歩23分
","
築34年
3階建
","
											1階",8万円,7000円,-,8万円,2LDK,51.84m2
レオパレスＲＯＹＡＬＣＯＵＲＴ,京都府京都市南区久世東土川町,"
ＪＲ東海道本線/桂川駅 バス14分 (バス停)桂川 歩3分


","
築24年
2階建
","
											1階",4.6万円,7000円,-,-,1K,20.28m2
レオパレスＲＯＹＡＬＣＯＵＲＴ,京都府京都市南区久世東土川町,"
ＪＲ東海道本線/桂川駅 バス14分 (バス停)桂川 歩3分


","
築24年
2階建
","
											2階",5万円,7000円,-,5万円,1K,21.06m2
レオパレスＲＯＹＡＬＣＯＵＲＴ,京都府京都市南区久世東土川町,"
ＪＲ東海道本線/桂川駅 バス14分 (バス停)桂川 歩3分


","
築24年
2階建
","
											2階",5万円,7000円,-,-,1K,21.06m2
ＲＯＹＡＬＣＯＵＲＴ,京都府京都市南区久世東土川町,"
ＪＲ東海道本線/向日町駅 歩27分
阪急京都線/西向日駅 歩26分
阪急京都線/東向日駅 歩31分
","
築24年
2階建
","
											2階",4.6万円,7000円,-,-,1K,20.28m2
柴野荘,京都府京都市南区久世東土川町,"
ＪＲ東海道本線/向日町駅 歩27分
ＪＲ東海道本線/桂川駅 歩40分
阪急京都線/東向日駅 歩30分
","
築42年
2階建
","
											2階",4万円,1000円,3万円,5万円,1DK,19.44m2
柴野荘,京都府京都市南区久世東土川町,"
ＪＲ東海道本線/向日町駅 歩27分
ＪＲ東海道本線/桂川駅 歩40分
阪急京都線/東向日駅 歩30分
","
築42年
2階建
","
											2階",4万円,1000円,3万円,5万円,1DK,19.44m2
柴野荘,京都府京都市南区久世東土川町,"
ＪＲ東海道本線/向日町駅 歩27分
ＪＲ東海道本線/桂川駅 歩40分
阪急京都線/東向日駅 歩30分
","
築42年
2階建
","
											2階",4万円,1000円,3万円,5万円,1DK,19.44m2
向日町南山34貸家 （短期貸し専用）,京都府向日市向日町南山,"
阪急京都線/西向日駅 歩8分
阪急京都線/東向日駅 歩19分
ＪＲ東海道本線/向日町駅 歩23分
","
築48年
2階建
","
											1-2階",6.5万円,-,-,9.75万円,5DK,104.43m2
阪急京都線 西向日駅 2階建 築48年,京都府向日市向日町,"
阪急京都線/西向日駅 歩8分
阪急京都線/東向日駅 歩19分
ＪＲ東海道本線/向日町駅 歩23分
","
築48年
2階建
","
											2階",6.5万円,-,-,9.75万円,5DK,104.43m2
阪急京都線 西向日駅 2階建 築48年,京都府向日市向日町,"
阪急京都線/西向日駅 歩8分
阪急京都線/東向日駅 歩19分
ＪＲ東海道本線/向日町駅 歩23分
","
築48年
2階建
","
											2階",6.5万円,-,-,9.75万円,5DK,104.43m2
阪急京都線 東向日駅 2階建 築26年,京都府向日市森本町前田,"
阪急京都線/東向日駅 歩10分
ＪＲ東海道本線/向日町駅 歩13分
ＪＲ東海道本線/桂川駅 歩27分
","
築26年
2階建
","
											2階",6.3万円,3000円,6.3万円,-,1LDK,41.73m2
プレジール翠園,京都府向日市物集女町クヅ子,"
阪急京都線/洛西口駅 歩10分
ＪＲ東海道本線/向日町駅 歩27分
ＪＲ東海道本線/桂川駅 歩17分
","
築30年
2階建
","
											2階",7.7万円,4000円,-,10万円,2LDK,52.84m2
テイク・ア・レスト,京都府向日市物集女町北ノ口,"
阪急京都線/洛西口駅 歩11分


","
築32年
2階建
","
											1階",5.6万円,4000円,5万円,6万円,2DK,46.5m2
シティハイム物集女,京都府向日市物集女町中海道,"
阪急京都線/洛西口駅 歩14分
ＪＲ東海道本線/桂川駅 歩23分
阪急京都線/東向日駅 歩24分
","
築39年
2階建
","
											2階",5.7万円,-,-,-,2DK,38.88m2
シティハイム物集女,京都府向日市物集女町中海道,"
阪急京都線/洛西口駅 歩14分
ＪＲ東海道本線/桂川駅 歩23分
阪急京都線/東向日駅 歩24分
","
築39年
2階建
","
											2階",5.7万円,-,-,-,2DK,38.4m2
シティハイム物集女,京都府向日市物集女町中海道,"
阪急京都線/洛西口駅 歩14分
ＪＲ東海道本線/桂川駅 歩23分
阪急京都線/東向日駅 歩24分
","
築39年
2階建
","
											1階",5.7万円,-,-,-,2DK,40m2
シティハイム物集女,京都府向日市物集女町中海道,"
阪急京都線/洛西口駅 歩14分
ＪＲ東海道本線/桂川駅 歩23分
阪急京都線/東向日駅 歩24分
","
築39年
2階建
","
											2階",6万円,-,6万円,-,2DK,41.16m2
シティハイム物集女,京都府向日市物集女町中海道,"
阪急京都線/洛西口駅 歩14分
ＪＲ東海道本線/桂川駅 歩23分
阪急京都線/東向日駅 歩24分
","
築39年
2階建
","
											1階",6万円,-,6万円,-,2DK,41.16m2
シャルレ1番館　物集女,京都府向日市物集女町豆尾,"
阪急京都線/洛西口駅 車3分(1.0km)
阪急京都線/東向日駅 車3分(1.1km)
ＪＲ東海道本線/向日町駅 車4分(1.3km)
","
築38年
6階建
","
											4階",5.4万円,5000円,-,-,1LDK,31.5m2
シャルレ1番館　物集女,京都府向日市物集女町豆尾,"
阪急京都線/洛西口駅 車3分(1.0km)
阪急京都線/東向日駅 車3分(1.1km)
ＪＲ東海道本線/向日町駅 車4分(1.3km)
","
築38年
6階建
","
											3階",5.7万円,5000円,-,-,1LDK,35.03m2
シャルレ1番館　物集女,京都府向日市物集女町豆尾,"
阪急京都線/洛西口駅 車3分(1.0km)
阪急京都線/東向日駅 車3分(1.1km)
ＪＲ東海道本線/向日町駅 車4分(1.3km)
","
築38年
6階建
","
											6階",5.8万円,5000円,-,-,1LDK,35.05m2
シャルレ1番館　物集女,京都府向日市物集女町豆尾,"
阪急京都線/洛西口駅 車3分(1.0km)
阪急京都線/東向日駅 車3分(1.1km)
ＪＲ東海道本線/向日町駅 車4分(1.3km)
","
築38年
6階建
","
											6階",5.9万円,5000円,-,-,1LDK,35.05m2
シャトーおさんだ,京都府向日市物集女町ヲサン田,"
阪急京都線/洛西口駅 歩11分
ＪＲ東海道本線/桂川駅 歩20分
阪急京都線/東向日駅 歩25分
","
築40年
2階建
","
											1階",7.3万円,3000円,10万円,-,2DK,53.19m2
クレイノ西森本,京都府向日市森本町,"
阪急京都線/西向日駅 歩13分
阪急京都線/東向日駅 歩14分
ＪＲ東海道本線/向日町駅 歩16分
","
築7年
2階建
","
											1階",6.4万円,7000円,-,6.4万円,1K,25.89m2
クレイノ西森本,京都府向日市森本町,"
阪急京都線/西向日駅 歩13分
阪急京都線/東向日駅 歩14分
ＪＲ東海道本線/向日町駅 歩16分
","
築7年
2階建
","
											2階",6.5万円,7000円,-,6.5万円,1K,25.89m2
阪急京都線 洛西口駅 3階建 築15年,京都府向日市物集女町北ノ口,"
阪急京都線/洛西口駅 歩13分
ＪＲ東海道本線/桂川駅 歩20分
阪急京都線/東向日駅 歩24分
","
築15年
3階建
","
											2階",5.8万円,4000円,-,5.8万円,1K,28.92m2
阪急京都線 洛西口駅 3階建 築15年,京都府向日市物集女町北ノ口,"
阪急京都線/洛西口駅 歩13分
ＪＲ東海道本線/桂川駅 歩20分
阪急京都線/東向日駅 歩24分
","
築15年
3階建
","
											2階",5.8万円,4400円,-,5.8万円,1K,28.92m2
コーポ春田,京都府向日市物集女町御所海道,"
阪急京都線/洛西口駅 歩10分
ＪＲ東海道本線/桂川駅 歩18分
阪急京都線/東向日駅 歩24分
","
築41年
2階建
","
											2階",5.7万円,2000円,-,5.7万円,2DK,46.5m2
コーポ春田,京都府向日市物集女町御所海道,"
阪急京都線/洛西口駅 歩10分
ＪＲ東海道本線/桂川駅 歩18分
阪急京都線/東向日駅 歩24分
","
築41年
2階建
","
											2階",5.8万円,2000円,-,5.8万円,2DK,46.5m2
コーポ春田,京都府向日市物集女町,"
阪急京都線/洛西口駅 歩9分
ＪＲ東海道本線/桂川駅 歩18分
阪急京都線/東向日駅 歩23分
","
築41年
2階建
","
											2階",5.8万円,2000円,-,5.8万円,2DK,44.67m2
物集女中条貸家,京都府向日市物集女町中条,"
阪急京都線/洛西口駅 歩12分
ＪＲ東海道本線/桂川駅 歩22分
阪急京都線/東向日駅 歩21分
","
築25年
2階建
","
											1-2階",10万円,-,-,10万円,3DK,75m2
物集女中条貸家,京都府向日市物集女町中条,"
阪急京都線/洛西口駅 歩12分
ＪＲ東海道本線/桂川駅 歩22分
阪急京都線/東向日駅 歩21分
","
築25年
2階建
","
											1-2階",10万円,-,-,10万円,3DK,75m2
ハイツ田中,京都府向日市物集女町五ノ坪,"
阪急京都線/洛西口駅 歩5分
ＪＲ東海道本線/桂川駅 歩15分
阪急京都線/桂駅 歩25分
","
築39年
3階建
","
											3階",6.5万円,3000円,5万円,5万円,2DK,45.71m2
ＪＲ東海道本線 向日町駅 12階建 築33年,京都府京都市伏見区久我本町,"
ＪＲ東海道本線/向日町駅 歩28分
阪急京都線/東向日駅 歩31分
阪急京都線/西向日駅 歩32分
","
築33年
12階建
","
											3階",6.4万円,-,-,-,3LDK,53.95m2
ＪＲ東海道本線 向日町駅 12階建 築33年,京都府京都市伏見区久我本町,"
ＪＲ東海道本線/向日町駅 歩28分
阪急京都線/東向日駅 歩31分
阪急京都線/西向日駅 歩32分
","
築33年
12階建
","
											10階",7.6万円,-,7.6万円,-,3LDK,62.72m2
朝日プラザ伏見桂川,京都府京都市伏見区久我本町,"
ＪＲ東海道本線/向日町駅 歩36分
阪急京都線/東向日駅 歩38分
阪急京都線/西向日駅 歩35分
","
築33年
12階建
","
											3階",6.4万円,-,-,-,3LDK,53.95m2
朝日プラザ伏見桂川,京都府京都市伏見区久我本町,"
ＪＲ東海道本線/向日町駅 歩36分
阪急京都線/東向日駅 歩38分
阪急京都線/西向日駅 歩35分
","
築33年
12階建
","
											10階",7.6万円,-,7.6万円,-,3LDK,62.72m2
第一向日ハイツ,京都府向日市物集女町南条,"
阪急京都線/東向日駅 歩13分
ＪＲ東海道本線/向日町駅 歩19分
阪急京都線/洛西口駅 歩15分
","
築44年
3階建
","
											1階",5.8万円,5000円,-,-,1LDK,45.36m2
第一向日ハイツ,京都府向日市物集女町南条,"
阪急京都線/東向日駅 歩13分
ＪＲ東海道本線/向日町駅 歩19分
阪急京都線/洛西口駅 歩15分
","
築44年
3階建
","
											1階",6万円,5000円,10万円,-,2DK,45.36m2
ＩＴパレス２１,京都府向日市物集女町中海道,"
阪急京都線/洛西口駅 歩10分
ＪＲ東海道本線/桂川駅 歩19分
阪急京都線/東向日駅 歩24分
","
築23年
3階建
","
											3階",5.3万円,4000円,-,5.3万円,1K,24m2
シャトーおさんだ,京都府向日市物集女町,"
阪急京都線/洛西口駅 歩10分
ＪＲ東海道本線/桂川駅 歩19分
阪急京都線/桂駅 歩31分
","
築39年
2階建
","
											1階",7.3万円,3000円,10万円,-,2LDK,53.19m2
エスパシオ洛西口,京都府向日市寺戸町七ノ坪,"
阪急京都線/洛西口駅 歩7分
ＪＲ東海道本線/桂川駅 歩11分
阪急京都線/桂駅 歩24分
","
築10年
3階建
","
											2階",9.3万円,6000円,5万円,25万円,1LDK,47.45m2
エスパシオ洛西口,京都府向日市寺戸町七ノ坪,"
阪急京都線/洛西口駅 歩7分
ＪＲ東海道本線/桂川駅 歩11分
阪急京都線/桂駅 歩24分
","
築10年
3階建
","
											3階",9.5万円,6000円,5万円,25万円,1LDK,47.45m2
パティオプラスパI,京都府長岡京市井ノ内広海道,"
阪急京都線/西向日駅 歩20分
ＪＲ東海道本線/長岡京駅 歩40分
阪急京都線/長岡天神駅 歩30分
","
築39年
5階建
","
											4階",3.5万円,-,10万円,-,1K,18m2
パティオプラスパI,京都府長岡京市井ノ内広海道,"
阪急京都線/西向日駅 歩20分
ＪＲ東海道本線/長岡京駅 歩40分
阪急京都線/長岡天神駅 歩30分
","
築39年
5階建
","
											3階",3.5万円,-,10万円,-,1K,17.72m2
パティオプラスパI,京都府長岡京市井ノ内広海道,"
阪急京都線/西向日駅 歩20分
ＪＲ東海道本線/長岡京駅 歩40分
阪急京都線/長岡天神駅 歩30分
","
築39年
5階建
","
											4階",3.5万円,-,10万円,-,1K,17.72m2
パティオプラスパI,京都府長岡京市井ノ内広海道,"
阪急京都線/西向日駅 歩20分
ＪＲ東海道本線/長岡京駅 歩40分
阪急京都線/長岡天神駅 歩30分
","
築39年
5階建
","
											4階",3.5万円,-,10万円,-,1K,17.72m2
パティオプラスパI,京都府長岡京市井ノ内広海道,"
阪急京都線/西向日駅 歩20分
ＪＲ東海道本線/長岡京駅 歩40分
阪急京都線/長岡天神駅 歩30分
","
築39年
5階建
","
											4階",3.8万円,-,10万円,-,1K,17.72m2
朝日プラザ伏見桂川,京都府京都市伏見区久我石原町,"
ＪＲ東海道本線/向日町駅 歩36分
阪急京都線/東向日駅 歩38分
阪急京都線/西向日駅 歩35分
","
築33年
12階建
","
											10階",7.6万円,-,7.6万円,-,3LDK,60.09m2
ティンカーベル,京都府向日市鶏冠井町山畑,"
阪急京都線/西向日駅 歩3分
ＪＲ東海道本線/向日町駅 歩22分
ＪＲ東海道本線/長岡京駅 歩30分
","
築17年
2階建
","
											1階",4.9万円,3000円,5万円,-,1K,22m2
グランレブリー桂川サウススクエア,京都府向日市寺戸町修理式,"
阪急京都線/東向日駅 歩11分
ＪＲ東海道本線/向日町駅 歩11分
阪急京都線/洛西口駅 歩11分
","
新築
6階建
","
											2階",6.4万円,6000円,-,12.8万円,1K,29.56m2
グランレブリー桂川サウススクエア,京都府向日市寺戸町修理式,"
阪急京都線/東向日駅 歩11分
ＪＲ東海道本線/向日町駅 歩11分
阪急京都線/洛西口駅 歩11分
","
新築
6階建
","
											3階",6.5万円,6000円,-,13万円,1K,29.56m2
グランレブリー桂川サウススクエア,京都府向日市寺戸町修理式,"
阪急京都線/東向日駅 歩11分
ＪＲ東海道本線/向日町駅 歩11分
阪急京都線/洛西口駅 歩11分
","
新築
6階建
","
											4階",6.6万円,6000円,-,13.2万円,1K,30.88m2
グランレブリー桂川サウススクエア,京都府向日市寺戸町修理式,"
阪急京都線/東向日駅 歩11分
ＪＲ東海道本線/向日町駅 歩11分
阪急京都線/洛西口駅 歩11分
","
新築
6階建
","
											3階",6.6万円,6000円,-,13.2万円,1K,30.88m2
グランレブリー桂川サウススクエア,京都府向日市寺戸町修理式,"
阪急京都線/東向日駅 歩11分
ＪＲ東海道本線/向日町駅 歩11分
阪急京都線/洛西口駅 歩11分
","
新築
6階建
","
											2階",6.6万円,6000円,-,13.2万円,1K,33.26m2
グランレブリー桂川サウススクエア,京都府向日市寺戸町修理式,"
阪急京都線/東向日駅 歩11分
ＪＲ東海道本線/向日町駅 歩11分
阪急京都線/洛西口駅 歩11分
","
新築
6階建
","
											2階",6.6万円,6000円,-,13.2万円,1K,33.26m2
グランレブリー桂川サウススクエア,京都府向日市寺戸町修理式,"
阪急京都線/東向日駅 歩11分
ＪＲ東海道本線/向日町駅 歩11分
阪急京都線/洛西口駅 歩11分
","
新築
6階建
","
											2階",6.6万円,6000円,-,13.2万円,1K,33.26m2
グランレブリー桂川サウススクエア,京都府向日市寺戸町修理式,"
阪急京都線/東向日駅 歩11分
ＪＲ東海道本線/向日町駅 歩11分
阪急京都線/洛西口駅 歩11分
","
新築
6階建
","
											2階",6.6万円,6000円,-,13.2万円,1K,33.26m2
グランレブリー桂川サウススクエア,京都府向日市寺戸町修理式,"
阪急京都線/東向日駅 歩11分
ＪＲ東海道本線/向日町駅 歩11分
阪急京都線/洛西口駅 歩11分
","
新築
6階建
","
											2階",6.6万円,6000円,-,13.2万円,1K,33.26m2
グランレブリー桂川サウススクエア,京都府向日市寺戸町修理式,"
阪急京都線/東向日駅 歩11分
ＪＲ東海道本線/向日町駅 歩11分
阪急京都線/洛西口駅 歩11分
","
新築
6階建
","
											2階",6.6万円,6000円,-,13.2万円,1K,33.26m2
グランレブリー桂川サウススクエア,京都府向日市寺戸町修理式,"
阪急京都線/東向日駅 歩11分
ＪＲ東海道本線/向日町駅 歩11分
阪急京都線/洛西口駅 歩11分
","
新築
6階建
","
											2階",6.6万円,6000円,-,13.2万円,1K,33.26m2
グランレブリー桂川サウススクエア,京都府向日市寺戸町修理式,"
阪急京都線/東向日駅 歩11分
ＪＲ東海道本線/向日町駅 歩11分
阪急京都線/洛西口駅 歩11分
","
新築
6階建
","
											2階",6.6万円,6000円,-,13.2万円,1K,33.26m2
グランレブリー桂川サウススクエア,京都府向日市寺戸町修理式,"
阪急京都線/東向日駅 歩11分
ＪＲ東海道本線/向日町駅 歩11分
阪急京都線/洛西口駅 歩11分
","
新築
6階建
","
											2階",6.6万円,6000円,-,13.2万円,1K,33.26m2
グランレブリー桂川サウススクエア,京都府向日市寺戸町修理式,"
阪急京都線/東向日駅 歩11分
ＪＲ東海道本線/向日町駅 歩11分
阪急京都線/洛西口駅 歩11分
","
新築
6階建
","
											2階",6.6万円,6000円,-,13.2万円,1K,32.16m2
グランレブリー桂川サウススクエア,京都府向日市寺戸町修理式,"
阪急京都線/東向日駅 歩11分
ＪＲ東海道本線/向日町駅 歩11分
阪急京都線/洛西口駅 歩11分
","
新築
6階建
","
											3階",6.6万円,6000円,-,13.2万円,1K,31.99m2
グランレブリー桂川サウススクエア,京都府向日市寺戸町修理式,"
阪急京都線/東向日駅 歩11分
ＪＲ東海道本線/向日町駅 歩11分
阪急京都線/洛西口駅 歩11分
","
新築
6階建
","
											5階",6.6万円,6000円,-,13.2万円,1K,29.56m2
グランレブリー桂川サウススクエア,京都府向日市寺戸町修理式,"
阪急京都線/東向日駅 歩11分
ＪＲ東海道本線/向日町駅 歩11分
阪急京都線/洛西口駅 歩11分
","
新築
6階建
","
											6階",6.6万円,6000円,-,13.2万円,1K,29.56m2
グランレブリー桂川サウススクエア,京都府向日市寺戸町修理式,"
阪急京都線/東向日駅 歩11分
ＪＲ東海道本線/向日町駅 歩11分
阪急京都線/洛西口駅 歩11分
","
新築
6階建
","
											5階",6.7万円,6000円,-,13.4万円,1K,30.88m2
グランレブリー桂川サウススクエア,京都府向日市寺戸町修理式,"
阪急京都線/東向日駅 歩11分
ＪＲ東海道本線/向日町駅 歩11分
阪急京都線/洛西口駅 歩11分
","
新築
6階建
","
											6階",6.7万円,6000円,-,13.4万円,1K,30.88m2
グランレブリー桂川サウススクエア,京都府向日市寺戸町修理式,"
阪急京都線/東向日駅 歩11分
ＪＲ東海道本線/向日町駅 歩11分
阪急京都線/洛西口駅 歩11分
","
新築
6階建
","
											4階",6.7万円,6000円,-,13.4万円,1K,33.26m2
グランレブリー桂川サウススクエア,京都府向日市寺戸町修理式,"
阪急京都線/東向日駅 歩11分
ＪＲ東海道本線/向日町駅 歩11分
阪急京都線/洛西口駅 歩11分
","
新築
6階建
","
											4階",6.7万円,6000円,-,13.4万円,1K,33.26m2
グランレブリー桂川サウススクエア,京都府向日市寺戸町修理式,"
阪急京都線/東向日駅 歩11分
ＪＲ東海道本線/向日町駅 歩11分
阪急京都線/洛西口駅 歩11分
","
新築
6階建
","
											4階",6.7万円,6000円,-,13.4万円,1K,33.26m2
グランレブリー桂川サウススクエア,京都府向日市寺戸町修理式,"
阪急京都線/東向日駅 歩11分
ＪＲ東海道本線/向日町駅 歩11分
阪急京都線/洛西口駅 歩11分
","
新築
6階建
","
											3階",6.7万円,6000円,-,13.4万円,1K,33.26m2
グランレブリー桂川サウススクエア,京都府向日市寺戸町修理式,"
阪急京都線/東向日駅 歩11分
ＪＲ東海道本線/向日町駅 歩11分
阪急京都線/洛西口駅 歩11分
","
新築
6階建
","
											3階",6.7万円,6000円,-,13.4万円,1K,33.26m2
グランレブリー桂川サウススクエア,京都府向日市寺戸町修理式,"
阪急京都線/東向日駅 歩11分
ＪＲ東海道本線/向日町駅 歩11分
阪急京都線/洛西口駅 歩11分
","
新築
6階建
","
											4階",6.7万円,6000円,-,13.4万円,1K,33.26m2
グランレブリー桂川サウススクエア,京都府向日市寺戸町修理式,"
阪急京都線/東向日駅 歩11分
ＪＲ東海道本線/向日町駅 歩11分
阪急京都線/洛西口駅 歩11分
","
新築
6階建
","
											3階",6.7万円,6000円,-,13.4万円,1K,33.26m2
グランレブリー桂川サウススクエア,京都府向日市寺戸町修理式,"
阪急京都線/東向日駅 歩11分
ＪＲ東海道本線/向日町駅 歩11分
阪急京都線/洛西口駅 歩11分
","
新築
6階建
","
											4階",6.7万円,6000円,-,13.4万円,1K,33.26m2
グランレブリー桂川サウススクエア,京都府向日市寺戸町修理式,"
阪急京都線/東向日駅 歩11分
ＪＲ東海道本線/向日町駅 歩11分
阪急京都線/洛西口駅 歩11分
","
新築
6階建
","
											4階",6.7万円,6000円,-,13.4万円,1K,33.26m2
グランレブリー桂川サウススクエア,京都府向日市寺戸町修理式,"
阪急京都線/東向日駅 歩11分
ＪＲ東海道本線/向日町駅 歩11分
阪急京都線/洛西口駅 歩11分
","
新築
6階建
","
											4階",6.7万円,6000円,-,13.4万円,1K,33.26m2
グランレブリー桂川サウススクエア,京都府向日市寺戸町修理式,"
阪急京都線/東向日駅 歩11分
ＪＲ東海道本線/向日町駅 歩11分
阪急京都線/洛西口駅 歩11分
","
新築
6階建
","
											3階",6.7万円,6000円,-,13.4万円,1K,33.26m2
グランレブリー桂川サウススクエア,京都府向日市寺戸町修理式,"
阪急京都線/東向日駅 歩11分
ＪＲ東海道本線/向日町駅 歩11分
阪急京都線/洛西口駅 歩11分
","
新築
6階建
","
											4階",6.7万円,6000円,-,13.4万円,1K,33.26m2
グランレブリー桂川サウススクエア,京都府向日市寺戸町修理式,"
阪急京都線/東向日駅 歩11分
ＪＲ東海道本線/向日町駅 歩11分
阪急京都線/洛西口駅 歩11分
","
新築
6階建
","
											3階",6.7万円,6000円,-,13.4万円,1K,33.26m2
グランレブリー桂川サウススクエア,京都府向日市寺戸町修理式,"
阪急京都線/東向日駅 歩11分
ＪＲ東海道本線/向日町駅 歩11分
阪急京都線/洛西口駅 歩11分
","
新築
6階建
","
											3階",6.7万円,6000円,-,13.4万円,1K,33.26m2
グランレブリー桂川サウススクエア,京都府向日市寺戸町修理式,"
阪急京都線/東向日駅 歩11分
ＪＲ東海道本線/向日町駅 歩11分
阪急京都線/洛西口駅 歩11分
","
新築
6階建
","
											3階",6.7万円,6000円,-,13.4万円,1K,33.26m2
グランレブリー桂川サウススクエア,京都府向日市寺戸町修理式,"
阪急京都線/東向日駅 歩11分
ＪＲ東海道本線/向日町駅 歩11分
阪急京都線/洛西口駅 歩11分
","
新築
6階建
","
											4階",6.7万円,6000円,-,13.4万円,1K,33.26m2
グランレブリー桂川サウススクエア,京都府向日市寺戸町修理式,"
阪急京都線/東向日駅 歩11分
ＪＲ東海道本線/向日町駅 歩11分
阪急京都線/洛西口駅 歩11分
","
新築
6階建
","
											4階",6.7万円,6000円,-,13.4万円,1K,33.26m2
グランレブリー桂川サウススクエア,京都府向日市寺戸町修理式,"
阪急京都線/東向日駅 歩11分
ＪＲ東海道本線/向日町駅 歩11分
阪急京都線/洛西口駅 歩11分
","
新築
6階建
","
											3階",6.7万円,6000円,-,13.4万円,1K,33.26m2
グランレブリー桂川サウススクエア,京都府向日市寺戸町修理式,"
阪急京都線/東向日駅 歩11分
ＪＲ東海道本線/向日町駅 歩11分
阪急京都線/洛西口駅 歩11分
","
新築
6階建
","
											4階",6.7万円,6000円,-,13.4万円,1K,33.26m2
グランレブリー桂川サウススクエア,京都府向日市寺戸町修理式,"
阪急京都線/東向日駅 歩11分
ＪＲ東海道本線/向日町駅 歩11分
阪急京都線/洛西口駅 歩11分
","
新築
6階建
","
											4階",6.7万円,6000円,-,13.4万円,1K,32.1m2
グランレブリー桂川サウススクエア,京都府向日市寺戸町修理式,"
阪急京都線/東向日駅 歩11分
ＪＲ東海道本線/向日町駅 歩11分
阪急京都線/洛西口駅 歩11分
","
新築
6階建
","
											3階",6.7万円,6000円,-,13.4万円,1K,32.1m2
グランレブリー桂川サウススクエア,京都府向日市寺戸町修理式,"
阪急京都線/東向日駅 歩11分
ＪＲ東海道本線/向日町駅 歩11分
阪急京都線/洛西口駅 歩11分
","
新築
6階建
","
											5階",6.7万円,6000円,-,13.4万円,1K,31.99m2
グランレブリー桂川サウススクエア,京都府向日市寺戸町修理式,"
阪急京都線/東向日駅 歩11分
ＪＲ東海道本線/向日町駅 歩11分
阪急京都線/洛西口駅 歩11分
","
新築
6階建
","
											5階",6.8万円,6000円,-,13.6万円,1K,33.26m2
グランレブリー桂川サウススクエア,京都府向日市寺戸町修理式,"
阪急京都線/東向日駅 歩11分
ＪＲ東海道本線/向日町駅 歩11分
阪急京都線/洛西口駅 歩11分
","
新築
6階建
","
											5階",6.8万円,6000円,-,13.6万円,1K,33.26m2
グランレブリー桂川サウススクエア,京都府向日市寺戸町修理式,"
阪急京都線/東向日駅 歩11分
ＪＲ東海道本線/向日町駅 歩11分
阪急京都線/洛西口駅 歩11分
","
新築
6階建
","
											5階",6.8万円,6000円,-,13.6万円,1K,33.26m2
グランレブリー桂川サウススクエア,京都府向日市寺戸町修理式,"
阪急京都線/東向日駅 歩11分
ＪＲ東海道本線/向日町駅 歩11分
阪急京都線/洛西口駅 歩11分
","
新築
6階建
","
											6階",6.8万円,6000円,-,13.6万円,1K,33.26m2
グランレブリー桂川サウススクエア,京都府向日市寺戸町修理式,"
阪急京都線/東向日駅 歩11分
ＪＲ東海道本線/向日町駅 歩11分
阪急京都線/洛西口駅 歩11分
","
新築
6階建
","
											6階",6.8万円,6000円,-,13.6万円,1K,33.26m2
グランレブリー桂川サウススクエア,京都府向日市寺戸町修理式,"
阪急京都線/東向日駅 歩11分
ＪＲ東海道本線/向日町駅 歩11分
阪急京都線/洛西口駅 歩11分
","
新築
6階建
","
											6階",6.8万円,6000円,-,13.6万円,1K,33.26m2
グランレブリー桂川サウススクエア,京都府向日市寺戸町修理式,"
阪急京都線/東向日駅 歩11分
ＪＲ東海道本線/向日町駅 歩11分
阪急京都線/洛西口駅 歩11分
","
新築
6階建
","
											5階",6.8万円,6000円,-,13.6万円,1K,33.26m2
グランレブリー桂川サウススクエア,京都府向日市寺戸町修理式,"
阪急京都線/東向日駅 歩11分
ＪＲ東海道本線/向日町駅 歩11分
阪急京都線/洛西口駅 歩11分
","
新築
6階建
","
											5階",6.8万円,6000円,-,13.6万円,1K,33.26m2
グランレブリー桂川サウススクエア,京都府向日市寺戸町修理式,"
阪急京都線/東向日駅 歩11分
ＪＲ東海道本線/向日町駅 歩11分
阪急京都線/洛西口駅 歩11分
","
新築
6階建
","
											5階",6.8万円,6000円,-,13.6万円,1K,33.26m2
グランレブリー桂川サウススクエア,京都府向日市寺戸町修理式,"
阪急京都線/東向日駅 歩11分
ＪＲ東海道本線/向日町駅 歩11分
阪急京都線/洛西口駅 歩11分
","
新築
6階建
","
											6階",6.8万円,6000円,-,13.6万円,1K,33.26m2
グランレブリー桂川サウススクエア,京都府向日市寺戸町修理式,"
阪急京都線/東向日駅 歩11分
ＪＲ東海道本線/向日町駅 歩11分
阪急京都線/洛西口駅 歩11分
","
新築
6階建
","
											6階",6.8万円,6000円,-,13.6万円,1K,33.26m2
グランレブリー桂川サウススクエア,京都府向日市寺戸町修理式,"
阪急京都線/東向日駅 歩11分
ＪＲ東海道本線/向日町駅 歩11分
阪急京都線/洛西口駅 歩11分
","
新築
6階建
","
											6階",6.8万円,6000円,-,13.6万円,1K,33.26m2
グランレブリー桂川サウススクエア,京都府向日市寺戸町修理式,"
阪急京都線/東向日駅 歩11分
ＪＲ東海道本線/向日町駅 歩11分
阪急京都線/洛西口駅 歩11分
","
新築
6階建
","
											5階",6.8万円,6000円,-,13.6万円,1K,33.26m2
グランレブリー桂川サウススクエア,京都府向日市寺戸町修理式,"
阪急京都線/東向日駅 歩11分
ＪＲ東海道本線/向日町駅 歩11分
阪急京都線/洛西口駅 歩11分
","
新築
6階建
","
											5階",6.8万円,6000円,-,13.6万円,1K,33.26m2
グランレブリー桂川サウススクエア,京都府向日市寺戸町修理式,"
阪急京都線/東向日駅 歩11分
ＪＲ東海道本線/向日町駅 歩11分
阪急京都線/洛西口駅 歩11分
","
新築
6階建
","
											5階",6.8万円,6000円,-,13.6万円,1K,33.26m2
グランレブリー桂川サウススクエア,京都府向日市寺戸町修理式,"
阪急京都線/東向日駅 歩11分
ＪＲ東海道本線/向日町駅 歩11分
阪急京都線/洛西口駅 歩11分
","
新築
6階建
","
											5階",6.8万円,6000円,-,13.6万円,1K,33.26m2
グランレブリー桂川サウススクエア,京都府向日市寺戸町修理式,"
阪急京都線/東向日駅 歩11分
ＪＲ東海道本線/向日町駅 歩11分
阪急京都線/洛西口駅 歩11分
","
新築
6階建
","
											6階",6.8万円,6000円,-,13.6万円,1K,33.26m2
グランレブリー桂川サウススクエア,京都府向日市寺戸町修理式,"
阪急京都線/東向日駅 歩11分
ＪＲ東海道本線/向日町駅 歩11分
阪急京都線/洛西口駅 歩11分
","
新築
6階建
","
											5階",6.8万円,6000円,-,13.6万円,1K,33.26m2
グランレブリー桂川サウススクエア,京都府向日市寺戸町修理式,"
阪急京都線/東向日駅 歩11分
ＪＲ東海道本線/向日町駅 歩11分
阪急京都線/洛西口駅 歩11分
","
新築
6階建
","
											6階",6.8万円,6000円,-,13.6万円,1K,33.26m2
グランレブリー桂川サウススクエア,京都府向日市寺戸町修理式,"
阪急京都線/東向日駅 歩11分
ＪＲ東海道本線/向日町駅 歩11分
阪急京都線/洛西口駅 歩11分
","
新築
6階建
","
											5階",6.8万円,6000円,-,13.6万円,1K,32.1m2
向日市寺戸町三ノ坪貸家,京都府向日市寺戸町三ノ坪,"
阪急京都線/洛西口駅 歩9分
ＪＲ東海道本線/向日町駅 歩13分
ＪＲ東海道本線/桂川駅 歩15分
","
築54年
2階建
","
											1-2階",7.5万円,-,-,-,4DK,68.75m2
モアライフ酒井松,京都府長岡京市井ノ内下印田,"
阪急京都線/長岡天神駅 歩25分
阪急京都線/西向日駅 歩18分
ＪＲ東海道本線/長岡京駅 歩40分
","
築35年
4階建
","
											4階",8万円,5000円,8万円,-,2LDK,53m2
モアライフ酒井松,京都府長岡京市井ノ内下印田,"
阪急京都線/長岡天神駅 歩25分
阪急京都線/西向日駅 歩18分
ＪＲ東海道本線/長岡京駅 歩40分
","
築35年
4階建
","
											4階",8.2万円,5000円,8.2万円,-,2LDK,59.4m2
Ｇｒａｎｄ　Ｐｒａｉｓｅ　Ａ棟,京都府乙訓郡大山崎町字円明寺小字横林,"
阪急京都線/西山天王山駅 歩7分
ＪＲ東海道本線/長岡京駅 歩32分
阪急京都線/長岡天神駅 歩27分
","
築4年
3階建
","
											1階",8.7万円,5000円,5万円,20万円,2LDK,55.4m2
レジデンス向陽,京都府向日市上植野町馬立,"
阪急京都線/西向日駅 歩5分
ＪＲ東海道本線/長岡京駅 歩26分
阪急京都線/長岡天神駅 歩28分
","
築36年
地下1地上3階建
","
											3階",6.5万円,3000円,-,-,3DK,58.57m2
レジデンス向陽,京都府向日市上植野町馬立,"
阪急京都線/西向日駅 歩5分
ＪＲ東海道本線/長岡京駅 歩26分
阪急京都線/長岡天神駅 歩28分
","
築36年
地下1地上3階建
","
											3階",6.5万円,3000円,-,6.5万円,3DK,53m2
ハイツＫＯＵＮＡＮ,京都府向日市上植野町御塔道,"
阪急京都線/西向日駅 歩3分
阪急京都線/長岡天神駅 歩30分
ＪＲ東海道本線/長岡京駅 歩30分
","
築28年
2階建
","
											1階",4.8万円,-,3万円,3万円,1K,21m2
ハイツＫＯＵＮＡＮ,京都府向日市上植野町御塔道,"
阪急京都線/西向日駅 歩3分
阪急京都線/長岡天神駅 歩30分
ＪＲ東海道本線/長岡京駅 歩30分
","
築28年
2階建
","
											1階",4.8万円,-,3万円,3万円,1K,21m2
ドルチェ21,京都府向日市寺戸町西野辺,"
阪急京都線/東向日駅 歩8分
ＪＲ東海道本線/向日町駅 歩14分
阪急京都線/西向日駅 歩13分
","
築32年
地下1地上3階建
","
											3階",4.7万円,3000円,-,4.7万円,1K,23.8m2
ローズコート,京都府乙訓郡大山崎町字円明寺,"
阪急京都線/西山天王山駅 歩10分
ＪＲ東海道本線/長岡京駅 歩33分
阪急京都線/長岡天神駅 歩32分
","
築7年
3階建
","
											3階",9.4万円,5000円,5万円,18万円,2LDK,57.67m2
第2吉万ハイツ,京都府向日市寺戸町笹屋,"
ＪＲ東海道本線/桂川駅 歩21分
ＪＲ東海道本線/向日町駅 歩10分
阪急京都線/洛西口駅 歩16分
","
築38年
2階建
","
											1階",5.3万円,5000円,-,-,2DK,36.45m2
Ｇｒａｎｄ　Ｐｒａｉｓｅ　Ａ棟,京都府乙訓郡大山崎町字円明寺小字横林,"
阪急京都線/西山天王山駅 歩7分
ＪＲ東海道本線/長岡京駅 歩32分
阪急京都線/長岡天神駅 歩27分
","
築4年
3階建
","
											1階",8.7万円,5000円,5万円,20万円,2LDK,55.4m2
中村垣内13-3連棟,京都府向日市寺戸町中村垣内,"
阪急京都線/東向日駅 歩12分
ＪＲ東海道本線/向日町駅 歩16分
阪急京都線/洛西口駅 歩18分
","
築36年
2階建
","
											1-2階",7万円,-,-,7万円,4DK,70.05m2
八ノ坪荘,京都府向日市寺戸町八ノ坪,"
阪急京都線/洛西口駅 歩10分
ＪＲ東海道本線/桂川駅 歩11分
阪急京都線/東向日駅 歩14分
","
築50年
2階建
","
											1階",4.2万円,3000円,4.2万円,4.2万円,2K,32.4m2
ヴィラアバンセ,京都府向日市物集女町出口,"
阪急京都線/東向日駅 歩15分
ＪＲ東海道本線/向日町駅 歩20分
阪急京都線/洛西口駅 歩15分
","
築26年
3階建
","
											3階",7万円,5000円,-,-,2LDK,50.27m2
ヴィラアバンセ,京都府向日市物集女町出口,"
阪急京都線/東向日駅 歩15分
ＪＲ東海道本線/向日町駅 歩20分
阪急京都線/洛西口駅 歩15分
","
築26年
3階建
","
											2階",7万円,5000円,-,-,2LDK,50.27m2
サンコーポ安井,京都府向日市物集女町燈篭前,"
阪急京都線/東向日駅 歩12分
ＪＲ東海道本線/向日町駅 歩15分
阪急京都線/洛西口駅 歩13分
","
築43年
4階建
","
											2階",6万円,6000円,5万円,12万円,3DK,57m2
サンコーポ安井,京都府向日市物集女町燈篭前,"
阪急京都線/東向日駅 歩12分
ＪＲ東海道本線/向日町駅 歩15分
阪急京都線/洛西口駅 歩13分
","
築43年
4階建
","
											4階",6万円,6000円,5万円,12万円,3DK,57m2
サンコーポ安井,京都府向日市物集女町燈篭前,"
阪急京都線/東向日駅 歩12分
ＪＲ東海道本線/向日町駅 歩15分
阪急京都線/洛西口駅 歩13分
","
築43年
4階建
","
											4階",6万円,6000円,5万円,12万円,3DK,56m2
サンコーポ安井,京都府向日市物集女町燈篭前,"
阪急京都線/東向日駅 歩12分
ＪＲ東海道本線/向日町駅 歩15分
阪急京都線/洛西口駅 歩13分
","
築43年
4階建
","
											2階",6万円,6000円,5万円,12万円,3DK,56m2
サンコーポ安井,京都府向日市物集女町燈篭前,"
阪急京都線/東向日駅 歩12分
ＪＲ東海道本線/向日町駅 歩15分
阪急京都線/洛西口駅 歩13分
","
築43年
4階建
","
											4階",6万円,6000円,5万円,12万円,3LDK,53.5m2
サンコーポ安井,京都府向日市物集女町燈篭前,"
阪急京都線/東向日駅 歩12分
ＪＲ東海道本線/向日町駅 歩15分
阪急京都線/洛西口駅 歩13分
","
築43年
4階建
","
											2階",6万円,6000円,5万円,12万円,3LDK,53.5m2
サンコーポ安井,京都府向日市物集女町,"
阪急京都線/東向日駅 歩10分
阪急京都線/洛西口駅 歩12分
ＪＲ東海道本線/向日町駅 歩16分
","
築43年
4階建
","
											4階",6万円,6000円,5万円,12万円,3LDK,53.5m2
サンコーポ安井,京都府向日市物集女町,"
阪急京都線/東向日駅 歩10分
阪急京都線/洛西口駅 歩12分
ＪＲ東海道本線/向日町駅 歩16分
","
築43年
4階建
","
											2階",6万円,6000円,5万円,12万円,3LDK,53.5m2
ローズコート,京都府乙訓郡大山崎町字円明寺,"
阪急京都線/西山天王山駅 歩10分
ＪＲ東海道本線/長岡京駅 歩33分
阪急京都線/長岡天神駅 歩32分
","
築7年
3階建
","
											3階",9.4万円,5000円,5万円,18万円,2LDK,57.67m2
阪急京都線 東向日駅 2階建 築56年,京都府向日市森本町下森本,"
阪急京都線/東向日駅 歩10分
ＪＲ東海道本線/向日町駅 歩11分
阪急京都線/西向日駅 歩15分
","
築56年
2階建
","
											2階",5万円,5000円,-,-,2K,27.53m2
阪急京都線 東向日駅 2階建 築56年,京都府向日市森本町下森本,"
阪急京都線/東向日駅 歩10分
ＪＲ東海道本線/向日町駅 歩11分
阪急京都線/西向日駅 歩15分
","
築56年
2階建
","
											-",5.1万円,5000円,-,-,2K,27.53m2
阪急京都線 東向日駅 2階建 築56年,京都府向日市森本町下森本,"
阪急京都線/東向日駅 歩10分
ＪＲ東海道本線/向日町駅 歩11分
阪急京都線/西向日駅 歩15分
","
築56年
2階建
","
											-",5.2万円,5000円,-,-,2K,27.53m2
ディアパレス向日,京都府向日市物集女町南条,"
阪急京都線/東向日駅 歩12分
ＪＲ東海道本線/向日町駅 歩17分
阪急京都線/洛西口駅 歩15分
","
築30年
2階建
","
											1階",6.7万円,3000円,-,-,2LDK,50m2
Ｒｏｓｅ　Ｃｏｕｒｔ　II,京都府乙訓郡大山崎町字円明寺小字西法寺,"
阪急京都線/西山天王山駅 歩11分
阪急京都線/長岡天神駅 歩32分
ＪＲ東海道本線/長岡京駅 歩33分
","
築7年
3階建
","
											3階",9.4万円,5000円,5万円,18万円,2LDK,57.67m2
寺戸町三ノ坪6-24貸家,京都府向日市寺戸町三ノ坪,"
阪急京都線/東向日駅 歩12分
阪急京都線/洛西口駅 歩9分
ＪＲ東海道本線/向日町駅 歩13分
","
築37年
2階建
","
											1-2階",7.5万円,-,-,-,4DK,68.75m2
レヴェンテ東向日,京都府向日市寺戸町梅ノ木,"
阪急京都線/東向日駅 歩5分
ＪＲ東海道本線/向日町駅 歩10分
阪急京都線/西向日駅 歩16分
","
築26年
4階建
","
											1階",7.8万円,7000円,-,-,2LDK,55.9m2
レヴェンテ東向日,京都府向日市寺戸町梅ノ木,"
阪急京都線/東向日駅 歩5分
ＪＲ東海道本線/向日町駅 歩10分
阪急京都線/西向日駅 歩16分
","
築26年
4階建
","
											4階",8万円,7000円,-,-,2LDK,55.9m2
レヴェンテ東向日,京都府向日市寺戸町梅ノ木,"
阪急京都線/東向日駅 歩5分
ＪＲ東海道本線/向日町駅 歩10分
阪急京都線/西向日駅 歩16分
","
築26年
4階建
","
											3階",8.2万円,7000円,-,-,3LDK,62.1m2
アロースウィステリア,京都府向日市鶏冠井町山畑,"
阪急京都線/西向日駅 歩3分
ＪＲ東海道本線/向日町駅 歩20分
ＪＲ東海道本線/長岡京駅 歩25分
","
築30年
3階建
","
											3階",6.8万円,5000円,-,6.8万円,2DK,50.16m2
エスペランス,京都府向日市寺戸町岸ノ下,"
阪急京都線/東向日駅 歩7分
ＪＲ東海道本線/向日町駅 歩11分
阪急京都線/洛西口駅 歩26分
","
築28年
4階建
","
											3階",8万円,5000円,-,-,3LDK,70m2
エスペランス,京都府向日市寺戸町岸ノ下,"
阪急京都線/東向日駅 歩7分
ＪＲ東海道本線/向日町駅 歩11分
阪急京都線/洛西口駅 歩26分
","
築28年
4階建
","
											3階",8.5万円,5000円,-,-,3LDK,70m2
ＦＯＲＵＭ東向日,京都府向日市寺戸町西田中瀬,"
阪急京都線/東向日駅 歩1分
ＪＲ東海道本線/向日町駅 歩4分
ＪＲ東海道本線/桂川駅 歩15分
","
築35年
3階建
","
											2階",6.1万円,4000円,-,-,2LDK,51m2
ＦＯＲＵＭ東向日,京都府向日市寺戸町西田中瀬,"
阪急京都線/東向日駅 歩1分
ＪＲ東海道本線/向日町駅 歩4分
ＪＲ東海道本線/桂川駅 歩15分
","
築35年
3階建
","
											3階",6.2万円,4000円,-,-,2LDK,47.7m2
ＦＯＲＵＭ東向日,京都府向日市寺戸町西田中瀬,"
阪急京都線/東向日駅 歩1分
ＪＲ東海道本線/向日町駅 歩4分
ＪＲ東海道本線/桂川駅 歩15分
","
築35年
3階建
","
											3階",6.2万円,4000円,-,-,2DK,47.7m2
ＦＯＲＵＭ東向日,京都府向日市寺戸町西田中瀬,"
阪急京都線/東向日駅 歩1分
ＪＲ東海道本線/向日町駅 歩4分
ＪＲ東海道本線/桂川駅 歩15分
","
築35年
3階建
","
											3階",6.2万円,4000円,-,-,2LDK,47.7m2
ベルエトワール,京都府向日市寺戸町天狗塚,"
阪急京都線/東向日駅 歩14分
阪急京都線/西向日駅 歩18分
ＪＲ東海道本線/向日町駅 歩20分
","
築30年
5階建
","
											4階",6.2万円,3000円,-,-,2DK,50m2
ベルエトワール,京都府向日市寺戸町天狗塚,"
阪急京都線/東向日駅 歩14分
阪急京都線/西向日駅 歩18分
ＪＲ東海道本線/向日町駅 歩20分
","
築30年
5階建
","
											2階",6.2万円,3000円,-,-,2DK,50m2
ＪＲ東海道本線 長岡京駅 4階建 築25年,京都府京都市伏見区羽束師菱川町,"
ＪＲ東海道本線/長岡京駅 歩33分
阪急京都線/長岡天神駅 歩45分
阪急京都線/西向日駅 歩28分
","
築25年
4階建
","
											3階",7万円,5000円,7万円,7万円,3DK,67.18m2
ＪＲ東海道本線 長岡京駅 4階建 築25年,京都府京都市伏見区羽束師菱川町,"
ＪＲ東海道本線/長岡京駅 歩33分
阪急京都線/長岡天神駅 歩45分
阪急京都線/西向日駅 歩28分
","
築25年
4階建
","
											4階",7万円,5000円,7万円,7万円,3LDK,67.18m2
ＪＲ東海道本線 長岡京駅 4階建 築25年,京都府京都市伏見区羽束師菱川町,"
ＪＲ東海道本線/長岡京駅 歩33分
阪急京都線/長岡天神駅 歩45分
阪急京都線/西向日駅 歩28分
","
築25年
4階建
","
											3階",7.5万円,6000円,7.5万円,7.5万円,3DK,67.18m2
北野マンション,京都府向日市寺戸町北野,"
阪急京都線/東向日駅 歩13分
ＪＲ東海道本線/向日町駅 歩18分
ＪＲ東海道本線/桂川駅 歩27分
","
築28年
4階建
","
											4階",7万円,5000円,-,-,2LDK,52.65m2
北野マンション,京都府向日市寺戸町北野,"
阪急京都線/東向日駅 歩13分
ＪＲ東海道本線/向日町駅 歩18分
ＪＲ東海道本線/桂川駅 歩27分
","
築28年
4階建
","
											2階",7万円,5000円,-,-,2LDK,52.65m2
北野マンション,京都府向日市寺戸町北野,"
阪急京都線/東向日駅 歩13分
ＪＲ東海道本線/向日町駅 歩18分
ＪＲ東海道本線/桂川駅 歩27分
","
築28年
4階建
","
											2階",7.9万円,5000円,-,-,2LDK,55.05m2
北野マンション,京都府向日市寺戸町北野,"
阪急京都線/東向日駅 歩13分
ＪＲ東海道本線/向日町駅 歩18分
ＪＲ東海道本線/桂川駅 歩27分
","
築28年
4階建
","
											4階",7.9万円,5000円,-,-,2LDK,55.05m2
プリヴュイクシマ,京都府向日市寺戸町大牧,"
阪急京都線/東向日駅 歩13分
阪急京都線/西向日駅 歩15分
阪急京都線/洛西口駅 歩20分
","
築38年
2階建
","
											2階",6.2万円,-,10万円,6.2万円,2LDK,45.3m2
プリヴュイクシマ,京都府向日市寺戸町大牧,"
阪急京都線/東向日駅 歩13分
阪急京都線/西向日駅 歩15分
阪急京都線/洛西口駅 歩20分
","
築38年
2階建
","
											2階",6.3万円,-,10万円,10万円,2LDK,45.35m2
ラフェニーチェ,京都府向日市寺戸町東野辺,"
阪急京都線/東向日駅 歩5分
ＪＲ東海道本線/向日町駅 歩12分
阪急京都線/洛西口駅 歩26分
","
築30年
3階建
","
											3階",7.3万円,4000円,-,-,3DK,56.01m2
ハイツ純豊,京都府向日市寺戸町小佃,"
阪急京都線/東向日駅 歩3分
ＪＲ東海道本線/向日町駅 歩7分
阪急京都線/洛西口駅 歩17分
","
築17年
3階建
","
											2階",7万円,4000円,-,14万円,1LDK,38.39m2
阪急京都線 東向日駅 2階建 築36年,京都府向日市寺戸町新田,"
阪急京都線/東向日駅 歩8分
ＪＲ東海道本線/向日町駅 歩10分
阪急京都線/洛西口駅 歩15分
","
築36年
2階建
","
											1階",6.2万円,-,-,6.2万円,3K,51.43m2
阪急京都線 東向日駅 4階建 築46年,京都府向日市寺戸町北前田,"
阪急京都線/東向日駅 歩12分
阪急京都線/洛西口駅 歩16分
ＪＲ東海道本線/向日町駅 歩15分
","
築46年
4階建
","
											3階",6.2万円,3000円,-,-,3DK,46.98m2
ビラキヨシ,京都府向日市寺戸町北前田,"
阪急京都線/東向日駅 歩10分
阪急京都線/洛西口駅 歩14分
ＪＲ東海道本線/向日町駅 歩14分
","
築46年
3階建
","
											3階",6.2万円,3000円,-,-,3DK,49.87m2
阪急京都線 東向日駅 4階建 築33年,京都府向日市寺戸町殿長,"
阪急京都線/東向日駅 歩5分
ＪＲ東海道本線/向日町駅 歩11分
阪急京都線/西向日駅 歩18分
","
築33年
4階建
","
											3階",3.4万円,6000円,-,-,ワンルーム,17.66m2
阪急京都線 東向日駅 4階建 築33年,京都府向日市寺戸町殿長,"
阪急京都線/東向日駅 歩5分
ＪＲ東海道本線/向日町駅 歩11分
阪急京都線/西向日駅 歩18分
","
築33年
4階建
","
											4階",3.4万円,6000円,-,-,1K,17.66m2
阪急京都線 東向日駅 4階建 築33年,京都府向日市寺戸町殿長,"
阪急京都線/東向日駅 歩5分
ＪＲ東海道本線/向日町駅 歩11分
阪急京都線/西向日駅 歩18分
","
築33年
4階建
","
											2階",3.4万円,6000円,-,-,ワンルーム,16.5m2
阪急京都線 東向日駅 4階建 築33年,京都府向日市寺戸町殿長,"
阪急京都線/東向日駅 歩5分
ＪＲ東海道本線/向日町駅 歩11分
阪急京都線/西向日駅 歩18分
","
築33年
4階建
","
											2階",3.6万円,6000円,-,-,ワンルーム,16.5m2
阪急京都線 東向日駅 4階建 築33年,京都府向日市寺戸町殿長,"
阪急京都線/東向日駅 歩5分
ＪＲ東海道本線/向日町駅 歩11分
阪急京都線/西向日駅 歩18分
","
築33年
4階建
","
											4階",3.6万円,6000円,-,-,1K,16.5m2
阪急京都線 東向日駅 4階建 築33年,京都府向日市寺戸町殿長,"
阪急京都線/東向日駅 歩5分
ＪＲ東海道本線/向日町駅 歩11分
阪急京都線/西向日駅 歩18分
","
築33年
4階建
","
											2階",3.7万円,6000円,-,-,1K,17.68m2
阪急京都線 東向日駅 3階建 築10年,京都府向日市寺戸町二枚田,"
阪急京都線/東向日駅 歩3分
ＪＲ東海道本線/向日町駅 歩10分
阪急京都線/洛西口駅 歩20分
","
築10年
3階建
","
											2階",7.6万円,7000円,3万円,15万円,1LDK,39.76m2
ハウスリーベンリート,京都府向日市寺戸町東野辺,"
阪急京都線/東向日駅 歩7分
ＪＲ東海道本線/向日町駅 歩12分
阪急京都線/西向日駅 歩14分
","
築37年
3階建
","
											2階",7.3万円,4000円,-,5万円,2LDK,55m2
２＋ａｐａｒｔｍｅｎｔ,京都府向日市寺戸町寺田,"
ＪＲ東海道本線/向日町駅 歩9分
阪急京都線/洛西口駅 歩13分
ＪＲ東海道本線/桂川駅 歩13分
","
築57年
4階建
","
											4階",9.5万円,5000円,-,20万円,2LDK,58m2
ユングフラウマイ,京都府向日市寺戸町辰巳,"
阪急京都線/東向日駅 歩5分
ＪＲ東海道本線/向日町駅 歩10分
阪急京都線/洛西口駅 歩25分
","
築32年
4階建
","
											4階",6.5万円,-,-,10万円,1LDK,38m2
